"","transcript","count"
"1","AAAS-201",293
"2","AAK1-203",0
"3","AAMP-201",608
"4","AARS2-201",120
"5","AARSD1-202",NA
"6","ABCB6-201",183
"7","ABCB8-202",357
"8","ABCE1-201",953
"9","ABCF1-201",640
"10","ABCF3-203",365
"11","ABHD10-201",121
"12","ABHD11-201",88
"13","ABHD12-201",449
"14","ABHD14B-206",310
"15","ABI1-205",536
"16","ABT1-201",236
"17","ACAA1-202",NA
"18","ACAA2-201",312
"19","ACAD9-201",315
"20","ACADM-202",436
"21","ACADVL-203",1046
"22","ACAT1-201",849
"23","ACAT2-201",NA
"24","ACBD3-201",563
"25","ACIN1-201",557
"26","ACLY-207",1534
"27","ACO2-201",NA
"28","ACOT13-201",134
"29","ACOT7-202",326
"30","ACOT9-201",129
"31","ACP1-201",294
"32","ACP2-201",265
"33","ACP6-205",NA
"34","ACSL3-201",NA
"35","ACSL4-201",438
"36","ACSS1-201",623
"37","ACTB-217",5671
"38","ACTG1-209",5132
"39","ACTL6A-202",773
"40","ACTN4-201",1171
"41","ACTR1A-201",339
"42","ACTR1B-201",321
"43","ACTR2-201",1728
"44","ACTR3-201",1788
"45","ADA-201",663
"46","ADAM10-201",2154
"47","ADAR-202",2164
"48","ADI1-201",504
"49","ADK-205",344
"50","ADNP-202",511
"51","ADO-201",58
"52","ADPGK-201",750
"53","ADRM1-204",1169
"54","ADSL-208",50
"55","AFG3L2-201",451
"56","AFTPH-201",402
"57","AGA-201",196
"58","AGFG1-201",404
"59","AGK-218",364
"60","AGMAT-201",174
"61","AGPAT5-201",550
"62","AGPS-201",287
"63","AGTRAP-201",208
"64","AHCTF1-202",606
"65","AHCY-201",1066
"66","AHCYL1-202",250
"67","AHNAK-201",NA
"68","AHSA1-201",498
"69","AIMP1-206",410
"70","AIMP2-201",NA
"71","AIP-201",341
"72","AK2-202",587
"73","AK3-202",295
"74","AK4-202",310
"75","AKAP8-201",282
"76","AKAP8L-201",192
"77","AKAP9-201",496
"78","AKR1A1-202",517
"79","AKR1B1-201",1200
"80","AKT1S1-207",55
"81","ALAD-201",130
"82","ALDH16A1-201",363
"83","ALDH18A1-202",529
"84","ALDH1B1-201",221
"85","ALDH1L2-201",0
"86","ALDH5A1-202",334
"87","ALDH6A1-202",228
"88","ALDH9A1-201",738
"89","ALDOA-219",10
"90","ALDOC-203",593
"91","ALG2-203",599
"92","ALG5-201",332
"93","ALKBH5-201",210
"94","ALYREF-202",850
"95","AMDHD2-201",181
"96","ANKFY1-201",321
"97","ANP32A-203",741
"98","ANP32B-201",767
"99","ANP32E-208",726
"100","ANXA11-205",1623
"101","ANXA4-201",83
"102","ANXA5-201",1008
"103","ANXA6-201",3290
"104","ANXA7-201",930
"105","AP1B1-208",873
"106","AP1G1-201",801
"107","AP1M1-201",373
"108","AP2A1-201",428
"109","AP2B1-211",1076
"110","AP2M1-202",1160
"111","AP2S1-201",389
"112","AP3B1-201",508
"113","AP3D1-213",1111
"114","AP3M1-201",543
"115","AP3S1-201",323
"116","APEH-201",833
"117","APEX1-201",347
"118","API5-201",948
"119","APIP-201",253
"120","APOL2-201",407
"121","APOL3-201",329
"122","APOO-201",104
"123","APPL1-201",435
"124","APRT-201",506
"125","ARCN1-201",896
"126","ARFGAP1-201",172
"127","ARFGAP2-205",517
"128","ARFGAP3-201",401
"129","ARFGEF2-201",476
"130","ARFIP1-201",127
"131","ARGLU1-203",255
"132","ARHGAP1-201",555
"133","ARHGAP18-201",342
"134","ARHGAP25-202",160
"135","ARHGAP30-201",1255
"136","ARHGAP4-203",533
"137","ARHGDIA-201",1252
"138","ARHGDIB-201",1667
"139","ARHGEF1-203",480
"140","ARHGEF2-201",1703
"141","ARHGEF7-220",330
"142","ARID1A-201",1296
"143","ARID3B-206",380
"144","ARIH1-201",290
"145","ARL3-201",160
"146","ARL6IP5-201",1391
"147","ARL8A-201",189
"148","ARL8B-208",383
"149","ARMC1-201",213
"150","ARMCX3-201",233
"151","ARPC1A-201",33
"152","ARPC1B-210",NA
"153","ARPC2-201",1792
"154","ARPC3-201",716
"155","ARPC5-202",912
"156","ARPC5L-202",338
"157","ARPP19-208",295
"158","ASAH1-258",990
"159","ASMTL-201",118
"160","ASNS-202",627
"161","ATAD1-201",479
"162","ATAD2-201",362
"163","ATAD3A-203",190
"164","ATG3-201",354
"165","ATIC-201",1049
"166","ATL3-201",825
"167","ATOX1-207",312
"168","ATP13A1-202",859
"169","ATP1A1-201",2274
"170","ATP1B3-201",1014
"171","ATP2A2-204",1000
"172","ATP2A3-205",1395
"173","ATP2C1-202",NA
"174","ATP6V0A1-203",729
"175","ATP6V1A-201",1305
"176","ATP6V1B2-201",504
"177","ATP6V1D-201",287
"178","ATP6V1E1-201",557
"179","ATP6V1F-201",538
"180","ATP6V1H-201",281
"181","ATXN10-201",874
"182","ATXN2L-202",1175
"183","AUP1-201",523
"184","B2M-214",1986
"185","B4GALT3-213",716
"186","BABAM1-201",80
"187","BAG2-201",44
"188","BAK1-202",264
"189","BANF1-208",388
"190","BASP1-201",374
"191","BAX-202",232
"192","BAZ1A-203",NA
"193","BAZ1B-201",763
"194","BCAP31-213",1214
"195","BCAS2-201",164
"196","BCAT2-201",445
"197","BCCIP-201",356
"198","BCKDHA-201",NA
"199","BCKDHB-201",406
"200","BCL2L1-203",440
"201","BCLAF1-214",1309
"202","BDH1-203",381
"203","BICD2-201",459
"204","BID-215",265
"205","BIN2-210",1224
"206","BLOC1S2-202",118
"207","BLVRA-202",378
"208","BLVRB-201",202
"209","BMS1-201",599
"210","BPNT1-205",289
"211","BRD7-202",148
"212","BRIX1-201",360
"213","BRK1-201",138
"214","BSDC1-206",258
"215","BSG-201",2303
"216","BST2-201",1323
"217","BTF3-202",1377
"218","BTF3L4-201",253
"219","BUB3-201",1217
"220","BUD31-202",NA
"221","BYSL-201",358
"222","BZW1-203",1115
"223","BZW2-207",395
"224","C11orf54-201",48
"225","C12orf10-201",220
"226","C12orf57-201",448
"227","C19orf53-202",272
"228","C1orf50-201",0
"229","C1QBP-201",1177
"230","C7orf50-202",211
"231","C8orf33-201",210
"232","C9orf78-201",229
"233","CACYBP-201",900
"234","CAD-201",556
"235","CADM1-201",2781
"236","CALR-201",4062
"237","CALU-202",846
"238","CAMK1D-204",219
"239","CAND1-208",1316
"240","CANX-201",4324
"241","CAP1-203",NA
"242","CAPN1-208",1025
"243","CAPN2-201",705
"244","CAPNS1-206",1324
"245","CAPRIN1-201",1538
"246","CAPZA1-201",738
"247","CAPZA2-201",860
"248","CAPZB-201",923
"249","CARHSP1-202",258
"250","CARS2-201",226
"251","CASP1-215",269
"252","CASP10-202",993
"253","CASP3-201",653
"254","CASP7-201",171
"255","CASP8-205",486
"256","CAST-233",683
"257","CAT-201",446
"258","CBFB-202",336
"259","CBL-201",397
"260","CBR1-201",282
"261","CBR3-201",41
"262","CBX1-202",159
"263","CBX3-201",702
"264","CBX5-201",365
"265","CCAR1-201",318
"266","CCDC12-202",168
"267","CCDC124-203",229
"268","CCDC22-201",136
"269","CCDC43-201",115
"270","CCDC47-201",861
"271","CCDC50-201",331
"272","CCDC51-201",102
"273","CCDC58-201",112
"274","CCDC6-201",134
"275","CCDC86-201",921
"276","CCDC88B-202",313
"277","CCDC9-207",NA
"278","CCDC97-201",196
"279","CCL3-204",969
"280","CCNA2-202",580
"281","CCS-208",84
"282","CCT2-201",1514
"283","CCT3-201",2531
"284","CCT4-201",1694
"285","CCT5-201",1783
"286","CCT6A-201",1764
"287","CCT7-201",2083
"288","CCT8-201",2282
"289","CD2AP-201",276
"290","CD2BP2-201",285
"291","CD38-201",347
"292","CD44-208",4390
"293","CD47-202",984
"294","CD48-203",1482
"295","CD58-202",478
"296","CD59-214",1240
"297","CD74-201",4041
"298","CD9-203",1653
"299","CDC37-201",772
"300","CDC42-206",1109
"301","CDC5L-201",564
"302","CDC73-201",485
"303","CDK1-203",712
"304","CDK5-204",207
"305","CDK5RAP3-201",509
"306","CDKN2AIP-203",171
"307","CDV3-201",1390
"308","CEBPZ-201",NA
"309","CFL1-203",1942
"310","CGGBP1-202",175
"311","CHAC2-201",99
"312","CHAF1A-201",419
"313","CHAF1B-201",301
"314","CHAMP1-204",344
"315","CHCHD1-201",341
"316","CHCHD3-203",363
"317","CHCHD4-202",127
"318","CHCHD7-202",125
"319","CHD4-231",0
"320","CHERP-203",564
"321","CHID1-204",677
"322","CHMP1A-201",123
"323","CHMP2A-206",705
"324","CHMP4B-201",1539
"325","CHMP5-201",197
"326","CHMP7-202",258
"327","CHORDC1-201",88
"328","CHTOP-204",308
"329","CIAO1-203",333
"330","CIAPIN1-201",285
"331","CIB1-201",305
"332","CIRBP-215",657
"333","CISD1-201",254
"334","CISD2-201",356
"335","CKAP4-201",958
"336","CKAP5-210",1547
"337","CKS1B-201",319
"338","CKS2-201",219
"339","CLASP1-215",370
"340","CLIC1-207",2041
"341","CLIC2-202",200
"342","CLIC4-201",749
"343","CLINT1-207",796
"344","CLN6-201",964
"345","CLNS1A-204",419
"346","CLPB-209",204
"347","CLPP-201",676
"348","CLPTM1-201",1729
"349","CLPTM1L-201",2970
"350","CLPX-201",389
"351","CLTA-204",555
"352","CLTB-201",220
"353","CLTC-201",4811
"354","CLYBL-203",67
"355","CMAS-201",221
"356","CMC1-205",42
"357","CMPK1-203",471
"358","CNBP-207",1121
"359","CNDP2-201",1645
"360","CNN2-201",1650
"361","CNOT1-201",1439
"362","CNOT3-202",NA
"363","CNOT7-201",229
"364","CNP-202",558
"365","CNPY2-201",389
"366","CNPY3-201",256
"367","COASY-201",399
"368","COBLL1-202",129
"369","COG3-201",0
"370","COMMD3-201",150
"371","COMMD4-201",521
"372","COMMD6-203",118
"373","COMMD8-201",NA
"374","COMMD9-201",158
"375","COMT-202",257
"376","COMTD1-201",386
"377","COPA-201",2556
"378","COPB1-201",1351
"379","COPB2-201",1252
"380","COPE-201",1449
"381","COPG1-201",1955
"382","COPG2-202",237
"383","COPS2-202",537
"384","COPS3-201",751
"385","COPS4-201",361
"386","COPS5-201",416
"387","COPS6-201",761
"388","COPS7A-204",142
"389","COPS7B-201",177
"390","COPS8-201",242
"391","COPZ1-201",592
"392","CORO1A-201",2554
"393","CORO1C-201",1718
"394","COX17-201",205
"395","COX20-203",157
"396","COX4I1-203",976
"397","COX5A-201",1026
"398","COX5B-201",770
"399","COX6B1-203",566
"400","COX6C-209",402
"401","COX7A2-201",979
"402","COX7C-203",626
"403","CPNE1-202",531
"404","CPNE3-203",537
"405","CPOX-204",179
"406","CPPED1-202",82
"407","CPSF1-212",635
"408","CPSF2-201",382
"409","CPSF3-201",412
"410","CPSF6-201",793
"411","CPSF7-205",443
"412","CPT1A-201",539
"413","CPT2-201",393
"414","CRKL-201",264
"415","CRLF3-201",180
"416","CROCC-201",NA
"417","CRYBB1-202",675
"418","CS-201",1176
"419","CSDE1-218",1405
"420","CSE1L-201",1259
"421","CSK-201",726
"422","CSNK2A1-201",76
"423","CSNK2B-202",322
"424","CSRP1-202",377
"425","CSTB-201",856
"426","CSTF1-201",388
"427","CSTF2-201",139
"428","CSTF2T-201",410
"429","CSTF3-201",297
"430","CTBP1-203",492
"431","CTCF-215",457
"432","CTNNBL1-201",260
"433","CTSA-204",1254
"434","CTSB-202",1064
"435","CTSC-201",1250
"436","CTSD-201",236
"437","CTSS-201",619
"438","CUL1-201",1228
"439","CUL2-202",422
"440","CUL3-201",515
"441","CUTA-210",892
"442","CWC15-201",310
"443","CWC27-201",NA
"444","CWF19L1-201",246
"445","CYB5A-202",186
"446","CYB5B-201",270
"447","CYB5R1-201",499
"448","CYB5R3-201",558
"449","CYC1-201",858
"450","CYCS-201",761
"451","CYTH1-201",613
"452","DAD1-201",486
"453","DAP-201",130
"454","DARS2-212",401
"455","DAZAP1-201",675
"456","DBI-202",676
"457","DBNL-210",636
"458","DCK-201",320
"459","DCPS-201",393
"460","DCTD-202",162
"461","DCTN2-209",569
"462","DCTN3-201",607
"463","DCTN5-201",173
"464","DCTN6-201",194
"465","DCTPP1-201",265
"466","DCUN1D1-201",320
"467","DCXR-201",722
"468","DDA1-201",121
"469","DDAH1-201",120
"470","DDAH2-213",130
"471","DDB1-201",2582
"472","DDI2-202",189
"473","DDOST-206",2671
"474","DDRGK1-201",335
"475","DDX1-202",931
"476","DDX10-201",209
"477","DDX17-202",2392
"478","DDX18-201",906
"479","DDX20-201",NA
"480","DDX21-201",1325
"481","DDX23-201",474
"482","DDX24-209",877
"483","DDX27-206",360
"484","DDX41-201",325
"485","DDX42-208",621
"486","DDX46-202",1006
"487","DDX47-202",489
"488","DDX49-201",312
"489","DDX5-201",3513
"490","DDX51-202",0
"491","DDX52-213",224
"492","DDX54-201",195
"493","DDX56-201",492
"494","DDX6-208",1800
"495","DECR1-201",210
"496","DEF6-201",377
"497","DEK-212",373
"498","DEPTOR-201",1554
"499","DERA-201",187
"500","DERL1-201",848
"501","DERL2-201",334
"502","DFFA-202",190
"503","DHFR-201",310
"504","DHRS7-201",NA
"505","DHX15-201",1166
"506","DHX29-201",NA
"507","DHX30-205",535
"508","DHX36-213",612
"509","DHX38-201",325
"510","DHX9-201",1831
"511","DIAPH1-211",769
"512","DIDO1-201",389
"513","DIMT1-201",NA
"514","DKC1-201",681
"515","DLAT-201",409
"516","DLD-201",744
"517","DLST-202",343
"518","DNAJA1-201",859
"519","DNAJA2-201",447
"520","DNAJA3-201",431
"521","DNAJB1-201",319
"522","DNAJB11-202",1040
"523","DNAJC1-202",1093
"524","DNAJC10-201",1133
"525","DNAJC11-202",279
"526","DNAJC13-201",668
"527","DNAJC19-201",180
"528","DNAJC2-203",NA
"529","DNAJC3-202",981
"530","DNAJC7-203",NA
"531","DNAJC8-201",532
"532","DNAJC9-201",NA
"533","DNASE2-201",410
"534","DNM1L-220",433
"535","DNM2-201",736
"536","DNMT1-201",968
"537","DNPEP-217",373
"538","DNTTIP2-202",NA
"539","DOCK2-210",908
"540","DOCK8-204",837
"541","DOHH-201",162
"542","DOK2-201",107
"543","DPF2-205",211
"544","DPH2-201",127
"545","DPM1-203",533
"546","DPP3-215",510
"547","DPYSL2-201",1706
"548","DR1-202",126
"549","DRAP1-201",334
"550","DRG1-201",510
"551","DSG2-201",892
"552","DSP-201",NA
"553","DSTN-201",473
"554","DTYMK-201",233
"555","DUS1L-201",278
"556","DUSP12-201",176
"557","DUSP23-201",165
"558","DUT-201",665
"559","DYNC1H1-201",941
"560","DYNC1I2-201",488
"561","DYNC1LI1-201",275
"562","DYNLL1-203",369
"563","DYNLL2-201",201
"564","EARS2-201",227
"565","EBNA1BP2-202",493
"566","EBP-205",319
"567","ECH1-201",425
"568","ECHS1-201",300
"569","ECI2-202",275
"570","EDC4-201",666
"571","EDF1-201",681
"572","EEA1-201",231
"573","EEF1A1-202",9375
"574","EEF1B2-202",1659
"575","EEF1D-204",1338
"576","EEF1E1-201",62
"577","EEF2-201",10031
"578","EEFSEC-201",262
"579","EFHD2-201",144
"580","EFTUD2-202",993
"581","EHBP1L1-201",402
"582","EHD1-201",411
"583","EHD4-201",319
"584","EIF1-203",1086
"585","EIF1B-201",106
"586","EIF2A-203",724
"587","EIF2AK2-201",273
"588","EIF2B1-201",260
"589","EIF2B3-201",209
"590","EIF2B5-226",566
"591","EIF2S1-201",416
"592","EIF2S2-201",772
"593","EIF2S3-201",574
"594","EIF3A-201",2241
"595","EIF3B-201",1703
"596","EIF3D-201",1567
"597","EIF3E-201",996
"598","EIF3F-207",1166
"599","EIF3G-201",636
"600","EIF3I-202",1272
"601","EIF3J-201",390
"602","EIF3K-201",1082
"603","EIF3M-208",NA
"604","EIF4A1-201",3248
"605","EIF4A2-201",1615
"606","EIF4A3-209",833
"607","EIF4B-201",1580
"608","EIF4E-203",403
"609","EIF4G1-209",3273
"610","EIF4G2-208",1958
"611","EIF4H-202",899
"612","EIF5-201",243
"613","EIF5A-211",219
"614","EIF5B-201",739
"615","EIF6-201",595
"616","ELAC2-201",891
"617","ELAVL1-201",707
"618","ELMO1-201",869
"619","ELOF1-201",94
"620","ELOVL1-216",557
"621","EMD-202",294
"622","EML4-201",781
"623","ENO1-201",3763
"624","ENO2-205",1491
"625","ENOPH1-201",262
"626","ENSA-201",434
"627","ENY2-211",114
"628","EPB41-201",652
"629","EPHX1-206",476
"630","EPN1-202",248
"631","EPS15-203",425
"632","ERAP1-202",1211
"633","ERC1-213",281
"634","ERGIC1-202",970
"635","ERGIC3-202",1235
"636","ERH-203",435
"637","ERP29-201",1027
"638","ERP44-201",1594
"639","ESD-202",134
"640","ESYT1-202",1039
"641","ESYT2-202",563
"642","ETF1-201",661
"643","ETHE1-201",119
"644","ETV6-202",99
"645","EVI2B-201",927
"646","EWSR1-206",1783
"647","EXOC8-201",329
"648","EXOSC10-202",522
"649","EXOSC2-204",201
"650","EXOSC3-201",128
"651","EXOSC4-201",192
"652","EXOSC6-201",185
"653","EXOSC8-202",167
"654","EZR-201",1772
"655","FABP5-201",629
"656","FADD-201",94
"657","FAF2-201",459
"658","FAHD1-203",120
"659","FAM107B-229",107
"660","FAM111B-201",1039
"661","FAM114A2-201",152
"662","FAM118B-209",88
"663","FAM120A-201",877
"664","FAM136A-201",213
"665","FAM162A-203",449
"666","FAM3C-201",716
"667","FAM98A-201",314
"668","FAM98B-202",337
"669","FARSA-201",667
"670","FARSB-201",839
"671","FASN-201",2831
"672","FAU-209",1347
"673","FBL-201",1231
"674","FBXO3-201",269
"675","FDPS-203",1585
"676","FDX1-201",150
"677","FDXR-201",NA
"678","FECH-201",251
"679","FEN1-201",980
"680","FERMT3-202",372
"681","FGD4-202",170
"682","FH-201",1887
"683","FHL1-203",640
"684","FHOD1-201",333
"685","FIP1L1-202",NA
"686","FKBP11-208",816
"687","FKBP15-203",310
"688","FKBP3-201",NA
"689","FKBP4-201",1015
"690","FKBP5-202",186
"691","FKBP8-209",632
"692","FLAD1-203",240
"693","FLII-201",1150
"694","FLNA-202",2227
"695","FLOT1-201",256
"696","FLOT2-202",562
"697","FMNL1-202",1006
"698","FMR1-205",289
"699","FNBP4-201",NA
"700","FNTA-201",143
"701","FOXO3-201",410
"702","FTL-201",907
"703","FTO-206",292
"704","FTSJ3-201",457
"705","FUBP1-203",933
"706","FUBP3-201",251
"707","FUS-201",2191
"708","FXR1-202",972
"709","FXR2-201",141
"710","G3BP1-202",1491
"711","G3BP2-202",1101
"712","G6PD-202",193
"713","GABPA-201",243
"714","GADD45GIP1-201",493
"715","GALE-216",118
"716","GALK1-201",284
"717","GALM-201",235
"718","GALNT2-201",905
"719","GAMT-201",417
"720","GANAB-201",4846
"721","GAPDH-205",6607
"722","GAR1-201",174
"723","GART-204",1422
"724","GAS2-202",259
"725","GAS6-201",1485
"726","GATAD2A-203",239
"727","GATAD2B-201",518
"728","GATM-201",332
"729","GBE1-201",363
"730","GBF1-201",743
"731","GBP1-201",115
"732","GCDH-216",321
"733","GCSH-201",0
"734","GDI1-204",561
"735","GDI2-203",1409
"736","GEMIN5-201",371
"737","GET4-201",161
"738","GFM1-210",919
"739","GFPT1-202",993
"740","GGCT-202",30
"741","GGH-201",772
"742","GIGYF2-201",397
"743","GLA-201",361
"744","GLDC-201",552
"745","GLG1-201",1315
"746","GLIPR2-202",66
"747","GLMN-201",90
"748","GLO1-201",453
"749","GLOD4-202",263
"750","GLRX-202",213
"751","GLRX3-202",589
"752","GLS-201",950
"753","GLYR1-201",490
"754","GM2A-201",673
"755","GMEB1-203",191
"756","GMFB-209",62
"757","GMFG-206",609
"758","GMPPA-203",239
"759","GMPPB-203",325
"760","GMPS-203",1045
"761","GNA13-201",431
"762","GNAI2-202",1110
"763","GNAI3-201",319
"764","GNAS-210",3094
"765","GNB1-201",772
"766","GNB2-201",821
"767","GNG5-201",193
"768","GNG7-201",90
"769","GNL1-201",160
"770","GNL2-201",713
"771","GNL3-202",997
"772","GNPDA1-210",589
"773","GNS-201",1043
"774","GOLGA2-201",191
"775","GOLGB1-202",836
"776","GOLIM4-202",199
"777","GOLPH3-201",475
"778","GOLPH3L-201",127
"779","GOLT1B-201",161
"780","GORASP2-201",662
"781","GOSR1-204",173
"782","GOSR2-232",3
"783","GOT1-201",576
"784","GOT2-201",775
"785","GPATCH4-201",240
"786","GPI-201",4351
"787","GPKOW-201",265
"788","GPS1-204",596
"789","GPX4-201",633
"790","GRB2-203",408
"791","GRHPR-201",378
"792","GRIPAP1-201",233
"793","GRK6-211",519
"794","GRN-201",1077
"795","GRPEL1-201",315
"796","GRSF1-201",682
"797","GRWD1-201",495
"798","GSPT1-206",961
"799","GSR-201",556
"800","GSS-217",205
"801","GSTK1-201",759
"802","GSTO1-202",536
"803","GSTP1-202",2292
"804","GTF2A1-203",261
"805","GTF2B-201",389
"806","GTF2E1-201",72
"807","GTF2E2-201",149
"808","GTF2F2-201",54
"809","GTF2I-222",1411
"810","GTF3C3-201",226
"811","GTF3C5-202",259
"812","GTPBP1-201",441
"813","GTPBP4-202",572
"814","GUK1-210",344
"815","GUSB-201",2002
"816","GYG1-201",873
"817","GYS1-202",554
"818","HADH-201",741
"819","HADHA-201",1612
"820","HADHB-201",820
"821","HAGH-202",287
"822","HAT1-201",560
"823","HAX1-201",466
"824","HBS1L-205",510
"825","HCFC1-202",1359
"826","HCLS1-201",2241
"827","HDAC7-201",254
"828","HDDC2-202",91
"829","HDDC3-202",112
"830","HDGF-201",711
"831","HDLBP-203",1225
"832","HEATR1-203",NA
"833","HEATR5B-201",883
"834","HEBP1-201",169
"835","HERPUD1-204",4104
"836","HEXB-201",949
"837","HGS-201",375
"838","HIBADH-201",95
"839","HIBCH-201",239
"840","HIGD1A-201",140
"841","HIGD2A-201",390
"842","HINT1-201",1000
"843","HINT2-201",NA
"844","HIRIP3-201",266
"845","HM13-202",2522
"846","HMBS-232",164
"847","HMGA1-205",354
"848","HMGB2-201",1454
"849","HMGB3-201",238
"850","HMOX2-218",342
"851","HNRNPA0-201",874
"852","HNRNPA2B1-201",2738
"853","HNRNPA3-201",1727
"854","HNRNPAB-205",994
"855","HNRNPC-219",1000
"856","HNRNPD-203",1220
"857","HNRNPF-204",2097
"858","HNRNPH1-202",1547
"859","HNRNPH2-201",575
"860","HNRNPH3-201",504
"861","HNRNPK-205",3341
"862","HNRNPL-201",2767
"863","HNRNPM-201",2096
"864","HNRNPR-201",1361
"865","HNRNPU-226",4050
"866","HNRNPUL1-204",1384
"867","HNRNPUL2-201",58
"868","HOMER3-204",687
"869","HOOK3-201",138
"870","HP1BP3-210",1103
"871","HPRT1-201",452
"872","HPSE-202",107
"873","HS1BP3-201",203
"874","HSBP1-201",56
"875","HSD17B10-201",631
"876","HSD17B12-213",951
"877","HSD17B4-213",762
"878","HSD17B8-203",241
"879","HSDL2-202",255
"880","HSF1-204",324
"881","HSH2D-208",709
"882","HSP90AA1-201",2653
"883","HSP90AB1-202",6701
"884","HSP90B1-201",8507
"885","HSPA14-201",270
"886","HSPA14-204",12
"887","HSPA4-201",1140
"888","HSPA4L-201",246
"889","HSPA5-201",5195
"890","HSPA8-218",5402
"891","HSPA9-201",2706
"892","HSPBP1-201",363
"893","HSPD1-201",4032
"894","HSPE1-201",361
"895","HSPH1-201",579
"896","HTATSF1-204",470
"897","HTRA2-201",NA
"898","HUWE1-203",1911
"899","HYOU1-220",3201
"900","HYPK-201",241
"901","IAH1-215",164
"902","IARS2-201",898
"903","ICAM3-201",1709
"904","IDE-201",504
"905","IDH1-203",271
"906","IDH2-201",2023
"907","IDH3A-201",NA
"908","IDH3B-201",467
"909","IDH3G-201",435
"910","IDI1-203",647
"911","IFI16-201",1121
"912","IGBP1-201",159
"913","IGF2BP2-202",121
"914","IGF2R-201",2713
"915","IK-201",631
"916","IKZF1-201",344
"917","IKZF3-203",685
"918","IL16-201",1711
"919","IL18R1-203",NA
"920","ILF2-201",1420
"921","ILF3-203",1524
"922","ILK-202",NA
"923","ILKAP-201",176
"924","ILVBL-201",273
"925","IMMT-207",951
"926","IMPA1-201",103
"927","IMPDH1-203",275
"928","IMPDH2-201",1415
"929","INCENP-202",522
"930","INPP4A-202",990
"931","INPPL1-201",330
"932","IPO5-230",1841
"933","IPO7-201",1057
"934","IPO9-201",651
"935","IQGAP1-201",481
"936","IQGAP2-201",676
"937","IRF2BP2-201",1115
"938","IRF4-201",2147
"939","IRGQ-201",150
"940","ISCU-201",452
"941","ISG20-201",633
"942","ISOC1-201",186
"943","ISOC2-202",173
"944","IST1-203",678
"945","ITGB1-202",983
"946","ITGB5-201",342
"947","ITGB7-201",NA
"948","ITPA-201",196
"949","IVD-215",266
"950","IWS1-201",228
"951","JAK1-212",1191
"952","JMJD6-202",222
"953","JSRP1-201",1669
"954","KATNAL2-202",NA
"955","KCNAB2-206",373
"956","KCTD12-201",93
"957","KDM3B-201",476
"958","KHDRBS1-202",1272
"959","KHDRBS3-201",104
"960","KHSRP-201",1354
"961","KIDINS220-206",486
"962","KIF11-201",963
"963","KIF23-201",330
"964","KIF2A-203",334
"965","KIF5B-201",488
"966","KIFC1-211",838
"967","KPNA1-201",330
"968","KPNA2-202",1631
"969","KPNA3-201",217
"970","KPNA4-201",825
"971","KPNB1-201",1951
"972","KRR1-201",0
"973","KTI12-201",193
"974","KTN1-205",301
"975","LACTB2-201",189
"976","LAGE3-201",131
"977","LAMP1-201",1578
"978","LAMTOR1-201",271
"979","LAMTOR2-203",338
"980","LAMTOR3-202",207
"981","LANCL2-201",NA
"982","LAP3-201",856
"983","LARP1-201",854
"984","LARP4-203",489
"985","LARP7-201",226
"986","LAS1L-203",592
"987","LASP1-201",621
"988","LBR-202",1446
"989","LCMT1-203",125
"990","LCP1-202",4430
"991","LCP2-201",480
"992","LDHA-205",5131
"993","LDHB-203",504
"994","LEMD3-201",508
"995","LEO1-201",193
"996","LETM1-201",356
"997","LGALS1-201",1666
"998","LGALS3-201",52
"999","LGMN-202",1562
"1000","LIG1-201",500
"1001","LIG3-202",304
"1002","LIMD1-201",750
"1003","LIME1-201",1281
"1004","LLPH-201",10
"1005","LMAN1-201",1817
"1006","LMAN2-201",1679
"1007","LMNA-206",304
"1008","LMNB1-201",977
"1009","LMNB2-201",656
"1010","LNPEP-201",618
"1011","LONP1-201",985
"1012","LPCAT1-201",766
"1013","LPXN-201",1114
"1014","LRBA-220",866
"1015","LRCH4-201",108
"1016","LRPPRC-201",2096
"1017","LRRC47-201",383
"1018","LRRC59-201",941
"1019","LRRFIP1-203",NA
"1020","LRWD1-201",570
"1021","LSM1-201",96
"1022","LSM12-204",364
"1023","LSM14A-203",595
"1024","LSM14B-201",197
"1025","LSM2-208",222
"1026","LSM3-201",202
"1027","LSM4-203",351
"1028","LSM5-208",213
"1029","LSM6-201",88
"1030","LSM7-201",416
"1031","LSP1-201",1412
"1032","LSR-214",975
"1033","LSS-202",1163
"1034","LTA4H-201",692
"1035","LTV1-201",91
"1036","LUC7L2-202",NA
"1037","LUC7L3-208",323
"1038","LY9-201",1393
"1039","LYAR-201",214
"1040","LYPLA1-201",438
"1041","LYPLA2-205",205
"1042","LYRM7-201",65
"1043","LZIC-202",57
"1044","LZTFL1-201",135
"1045","M6PR-201",698
"1046","MACF1-232",0
"1047","MACROD1-201",112
"1048","MAD1L1-204",NA
"1049","MAGED2-203",904
"1050","MAGT1-201",1025
"1051","MAK16-201",106
"1052","MALT1-208",224
"1053","MAN2A1-201",5081
"1054","MANF-204",645
"1055","MAP2K1-201",426
"1056","MAP2K2-201",322
"1057","MAP2K3-202",266
"1058","MAP4-207",1121
"1059","MAP4K1-201",482
"1060","MAPK1-201",462
"1061","MAPK14-201",234
"1062","MAPK1IP1L-201",450
"1063","MAPK3-201",464
"1064","MAPRE1-201",870
"1065","MAPRE2-201",201
"1066","MARCKS-201",731
"1067","MAT2A-201",1522
"1068","MAT2B-202",573
"1069","MBD1-222",NA
"1070","MBD2-201",267
"1071","MCAT-201",NA
"1072","MCCC1-201",375
"1073","MCCC2-201",513
"1074","MCEE-201",80
"1075","MCM2-201",1547
"1076","MCM3-205",1652
"1077","MCM4-201",2172
"1078","MCM5-201",1382
"1079","MCM6-201",1384
"1080","MCM7-201",1459
"1081","MCTS1-202",281
"1082","MDC1-201",374
"1083","MDH1-216",1538
"1084","MDH2-201",1535
"1085","ME2-201",608
"1086","MEPCE-201",314
"1087","METAP1-201",364
"1088","METAP2-202",621
"1089","METTL1-202",107
"1090","METTL7A-203",1916
"1091","MFAP1-201",197
"1092","MGAT1-202",1106
"1093","MIA3-202",1039
"1094","MICAL1-202",512
"1095","MICU1-201",323
"1096","MIER1-203",221
"1097","MIF-201",1949
"1098","MINPP1-202",394
"1099","MIS18A-201",132
"1100","MKI67-202",3025
"1101","MLEC-201",161
"1102","MMS19-203",454
"1103","MOGS-203",916
"1104","MPDU1-201",443
"1105","MPHOSPH10-201",322
"1106","MPI-202",510
"1107","MPP6-201",0
"1108","MPST-202",152
"1109","MRM1-204",NA
"1110","MRPL1-201",201
"1111","MRPL11-201",210
"1112","MRPL13-201",267
"1113","MRPL14-201",343
"1114","MRPL15-201",532
"1115","MRPL16-201",518
"1116","MRPL17-201",381
"1117","MRPL18-201",164
"1118","MRPL19-202",292
"1119","MRPL2-202",256
"1120","MRPL21-201",213
"1121","MRPL22-206",259
"1122","MRPL23-205",445
"1123","MRPL24-202",386
"1124","MRPL27-201",258
"1125","MRPL28-211",423
"1126","MRPL3-201",542
"1127","MRPL32-201",300
"1128","MRPL34-201",201
"1129","MRPL37-202",578
"1130","MRPL39-202",207
"1131","MRPL4-202",596
"1132","MRPL40-201",380
"1133","MRPL41-201",402
"1134","MRPL43-203",285
"1135","MRPL44-201",295
"1136","MRPL45-203",181
"1137","MRPL46-201",NA
"1138","MRPL47-203",457
"1139","MRPL49-201",198
"1140","MRPL50-201",162
"1141","MRPL51-201",348
"1142","MRPL53-201",331
"1143","MRPL54-201",371
"1144","MRPL55-209",261
"1145","MRPL9-202",447
"1146","MRPS11-201",252
"1147","MRPS12-203",295
"1148","MRPS14-202",353
"1149","MRPS15-201",334
"1150","MRPS16-202",362
"1151","MRPS18A-202",NA
"1152","MRPS18B-206",439
"1153","MRPS18C-201",NA
"1154","MRPS2-202",419
"1155","MRPS21-201",289
"1156","MRPS22-212",216
"1157","MRPS23-201",274
"1158","MRPS25-201",218
"1159","MRPS26-201",193
"1160","MRPS27-201",351
"1161","MRPS28-201",44
"1162","MRPS30-202",441
"1163","MRPS31-201",116
"1164","MRPS33-201",259
"1165","MRPS34-202",348
"1166","MRPS35-201",457
"1167","MRPS36-201",157
"1168","MRPS5-201",431
"1169","MRPS6-201",129
"1170","MRPS7-201",368
"1171","MRPS9-201",212
"1172","MRRF-202",113
"1173","MRTO4-201",336
"1174","MSH2-201",498
"1175","MSH6-201",1130
"1176","MSI2-201",432
"1177","MSN-201",2368
"1178","MTAP-213",102
"1179","MTCH2-201",500
"1180","MTDH-201",406
"1181","MTHFD1-220",620
"1182","MTHFD1L-203",135
"1183","MTHFD2-201",789
"1184","MTPN-201",496
"1185","MTX1-207",516
"1186","MTX2-201",149
"1187","MVP-202",920
"1188","MYBBP1A-201",839
"1189","MYCBP-203",NA
"1190","MYH10-202",354
"1191","MYH14-203",0
"1192","MYH9-201",8080
"1193","MYL6-207",1438
"1194","MYO18A-202",NA
"1195","MYO1C-219",298
"1196","MYO1D-201",799
"1197","MYO5A-201",485
"1198","MYO6-216",1208
"1199","NAA10-208",406
"1200","NAA15-201",710
"1201","NAA38-205",362
"1202","NAA50-201",575
"1203","NACA-201",1325
"1204","NAE1-201",547
"1205","NAGK-201",463
"1206","NANS-201",442
"1207","NAP1L1-227",1730
"1208","NAPA-201",649
"1209","NAPG-201",203
"1210","NASP-202",948
"1211","NAT10-201",635
"1212","NCAPD2-201",1234
"1213","NCAPG-201",765
"1214","NCAPH-201",376
"1215","NCBP1-202",458
"1216","NCBP2-201",395
"1217","NCKAP1L-201",1140
"1218","NCL-201",3451
"1219","NCLN-201",534
"1220","NCOA5-201",241
"1221","NCSTN-201",1241
"1222","NDRG1-202",1140
"1223","NDRG3-201",247
"1224","NDUFA10-201",503
"1225","NDUFA13-204",256
"1226","NDUFA2-201",474
"1227","NDUFA3-214",431
"1228","NDUFA6-202",603
"1229","NDUFA8-201",344
"1230","NDUFA9-201",117
"1231","NDUFAF2-201",95
"1232","NDUFAF3-202",576
"1233","NDUFAF4-201",260
"1234","NDUFB1-201",244
"1235","NDUFB10-201",497
"1236","NDUFB11-202",602
"1237","NDUFB4-201",753
"1238","NDUFB5-201",829
"1239","NDUFB6-203",442
"1240","NDUFB9-201",588
"1241","NDUFS1-201",1148
"1242","NDUFS2-201",1394
"1243","NDUFS3-201",471
"1244","NDUFS5-201",547
"1245","NDUFS6-201",470
"1246","NDUFS7-201",1033
"1247","NDUFS8-201",725
"1248","NDUFV1-229",1192
"1249","NDUFV2-201",1714
"1250","NECAP2-201",493
"1251","NEK7-202",314
"1252","NEMF-201",NA
"1253","NENF-201",117
"1254","NEU1-206",674
"1255","NFATC2IP-201",220
"1256","NFKB1-201",489
"1257","NFKB2-203",1076
"1258","NFS1-203",104
"1259","NFU1-201",147
"1260","NFYA-201",183
"1261","NGLY1-202",593
"1262","NHLRC2-201",0
"1263","NHP2-201",NA
"1264","NIF3L1-210",149
"1265","NIP7-201",191
"1266","NIPSNAP1-201",249
"1267","NIPSNAP3A-201",181
"1268","NIT2-201",235
"1269","NKRF-202",176
"1270","NLE1-202",90
"1271","NLN-201",166
"1272","NME1-203",146
"1273","NME1-NME2-203",NA
"1274","NMT1-213",620
"1275","NNT-201",1416
"1276","NOB1-201",440
"1277","NOC2L-201",659
"1278","NOC3L-201",345
"1279","NOL9-201",278
"1280","NOLC1-202",1506
"1281","NOM1-201",238
"1282","NONO-201",1929
"1283","NOP10-201",292
"1284","NOP14-203",480
"1285","NOP16-207",237
"1286","NOP2-201",NA
"1287","NOP56-201",999
"1288","NOP58-201",1055
"1289","NOSIP-204",291
"1290","NPC2-207",435
"1291","NPEPPS-201",1198
"1292","NPLOC4-201",598
"1293","NPM1-201",1485
"1294","NPM3-201",169
"1295","NR2C2AP-201",46
"1296","NRBP1-201",356
"1297","NSDHL-201",212
"1298","NSF-201",387
"1299","NSFL1C-201",468
"1300","NSL1-202",261
"1301","NSUN2-201",752
"1302","NT5DC1-201",265
"1303","NUBP1-201",175
"1304","NUBP2-201",224
"1305","NUCB1-201",1628
"1306","NUCB2-208",275
"1307","NUCKS1-201",603
"1308","NUDC-201",636
"1309","NUDCD2-201",112
"1310","NUDCD3-202",426
"1311","NUDT21-201",367
"1312","NUDT5-207",374
"1313","NUDT8-202",324
"1314","NUMA1-205",1753
"1315","NUP107-201",365
"1316","NUP133-201",582
"1317","NUP153-201",646
"1318","NUP155-201",NA
"1319","NUP160-201",NA
"1320","NUP205-201",1220
"1321","NUP210-201",4362
"1322","NUP214-201",543
"1323","NUP35-201",62
"1324","NUP43-201",170
"1325","NUP50-201",294
"1326","NUP54-201",320
"1327","NUP62-208",652
"1328","NUP85-201",252
"1329","NUP88-207",NA
"1330","NUP93-201",380
"1331","NUP98-201",771
"1332","NUTF2-201",595
"1333","NXF1-213",391
"1334","OAT-201",846
"1335","OBSCN-210",NA
"1336","OCIAD1-202",723
"1337","OGDH-201",986
"1338","OGFR-201",253
"1339","OGT-202",800
"1340","OLA1-201",595
"1341","OPA1-205",598
"1342","OPTN-204",526
"1343","OS9-202",2181
"1344","OSBP-201",628
"1345","OSBPL8-201",337
"1346","OSTF1-201",436
"1347","OTUB1-209",528
"1348","OTUD6B-201",57
"1349","OVCA2-201",NA
"1350","OXCT1-201",446
"1351","OXR1-209",220
"1352","OXSM-201",NA
"1353","OXSR1-201",247
"1354","P4HA1-201",1961
"1355","P4HB-201",4565
"1356","PA2G4-201",1348
"1357","PAAF1-201",128
"1358","PABPC4-203",2986
"1359","PABPN1-201",52
"1360","PAF1-201",368
"1361","PAFAH1B1-202",663
"1362","PAFAH1B2-204",234
"1363","PAFAH1B3-202",131
"1364","PAICS-207",1617
"1365","PAIP2-202",471
"1366","PAK1-202",324
"1367","PAK2-201",1019
"1368","PAPSS1-201",605
"1369","PARK7-201",849
"1370","PARN-203",285
"1371","PARP1-203",4352
"1372","PATL1-201",181
"1373","PAWR-201",127
"1374","PBK-201",279
"1375","PBRM1-205",676
"1376","PBXIP1-202",6802
"1377","PCBP1-201",2141
"1378","PCK2-201",0
"1379","PCM1-212",1012
"1380","PCMT1-212",290
"1381","PCNA-202",1315
"1382","PCNP-201",266
"1383","PCP4-201",287
"1384","PCYT1A-201",255
"1385","PDAP1-201",385
"1386","PDCD10-201",379
"1387","PDCD11-201",395
"1388","PDCD4-201",717
"1389","PDCD5-207",287
"1390","PDCD6-201",NA
"1391","PDCD6IP-206",1461
"1392","PDCL3-201",181
"1393","PDE12-201",350
"1394","PDHA1-206",648
"1395","PDHB-201",664
"1396","PDHX-201",186
"1397","PDIA3-201",3062
"1398","PDIA4-204",3559
"1399","PDIA5-201",274
"1400","PDIA6-201",NA
"1401","PDK1-201",1573
"1402","PDLIM1-201",891
"1403","PDLIM3-203",340
"1404","PDRG1-201",58
"1405","PDS5A-201",632
"1406","PDS5B-201",316
"1407","PDXDC1-202",540
"1408","PDXK-201",1053
"1409","PDZD11-201",150
"1410","PEA15-201",222
"1411","PEBP1-201",665
"1412","PELO-201",50
"1413","PELP1-201",612
"1414","PEPD-201",462
"1415","PES1-202",661
"1416","PEX11B-201",255
"1417","PEX19-201",367
"1418","PFAS-201",409
"1419","PFDN1-201",185
"1420","PFDN2-201",307
"1421","PFDN4-201",237
"1422","PFDN5-214",629
"1423","PFDN6-204",348
"1424","PFKL-201",1918
"1425","PFKM-203",747
"1426","PFN1-201",1676
"1427","PGAM1-201",883
"1428","PGAM5-203",134
"1429","PGD-201",869
"1430","PGK1-201",4527
"1431","PGLS-201",131
"1432","PGM1-202",867
"1433","PGM2-201",194
"1434","PGP-201",198
"1435","PGRMC1-201",241
"1436","PGRMC2-208",481
"1437","PHB-214",734
"1438","PHB2-203",1242
"1439","PHC3-215",625
"1440","PHF5A-201",98
"1441","PHF6-201",322
"1442","PHGDH-223",329
"1443","PHPT1-201",344
"1444","PICALM-202",700
"1445","PIGK-202",320
"1446","PIN1-201",314
"1447","PIN4-203",169
"1448","PITHD1-201",155
"1449","PITPNB-202",301
"1450","PITRM1-201",553
"1451","PKP2-202",1575
"1452","PLA2G4A-201",239
"1453","PLCG1-201",530
"1454","PLEC-201",0
"1455","PLEK-201",222
"1456","PLEKHO2-201",140
"1457","PLIN3-201",349
"1458","PLP2-202",838
"1459","PLRG1-202",396
"1460","PM20D2-201",772
"1461","PML-201",NA
"1462","PMM2-201",288
"1463","PMPCA-201",580
"1464","PMPCB-201",699
"1465","PMVK-201",552
"1466","PNKP-201",170
"1467","PNN-201",309
"1468","PNO1-201",180
"1469","PNP-201",360
"1470","PNPO-217",214
"1471","PNPT1-205",369
"1472","POFUT1-202",199
"1473","POGZ-201",440
"1474","POLD1-212",345
"1475","POLD2-202",371
"1476","POLDIP2-201",458
"1477","POLDIP3-201",293
"1478","POLE3-202",362
"1479","POLR1C-210",208
"1480","POLR1E-202",248
"1481","POLR2A-201",NA
"1482","POLR2B-202",NA
"1483","POLR2C-201",408
"1484","POLR2D-201",183
"1485","POLR2E-213",609
"1486","POLR2I-201",212
"1487","POLRMT-202",349
"1488","POR-218",396
"1489","POU2AF1-201",1512
"1490","POU2F1-204",125
"1491","PPA1-202",1426
"1492","PPA2-201",760
"1493","PPAT-201",350
"1494","PPCS-203",254
"1495","PPIA-204",1687
"1496","PPIB-201",NA
"1497","PPID-201",194
"1498","PPIE-201",320
"1499","PPIF-201",568
"1500","PPIG-201",408
"1501","PPIH-201",273
"1502","PPIL1-201",100
"1503","PPIL3-202",51
"1504","PPM1A-203",101
"1505","PPM1B-201",NA
"1506","PPM1G-201",839
"1507","PPME1-201",162
"1508","PPOX-202",117
"1509","PPP1CB-203",1116
"1510","PPP1R10-201",604
"1511","PPP1R12A-203",617
"1512","PPP1R14B-201",214
"1513","PPP1R16B-201",462
"1514","PPP1R18-205",157
"1515","PPP1R7-201",366
"1516","PPP1R8-202",253
"1517","PPP1R9B-202",107
"1518","PPP2R1A-201",1301
"1519","PPP2R2A-202",458
"1520","PPP4C-201",594
"1521","PPP4R1-203",131
"1522","PPP4R2-201",332
"1523","PPP5C-201",396
"1524","PPP6C-201",535
"1525","PPP6R1-201",847
"1526","PPP6R3-203",691
"1527","PPT1-219",789
"1528","PQBP1-218",380
"1529","PRCC-201",424
"1530","PRDX1-201",NA
"1531","PRDX2-201",968
"1532","PRDX3-201",1054
"1533","PRDX4-202",1077
"1534","PRDX5-201",923
"1535","PRDX6-201",1030
"1536","PREB-201",427
"1537","PREP-203",336
"1538","PRKAR1A-203",1200
"1539","PRKAR2A-201",152
"1540","PRKCA-202",188
"1541","PRKCSH-209",2443
"1542","PRKD2-202",703
"1543","PRKD3-202",2364
"1544","PRKDC-201",3619
"1545","PRKRA-201",183
"1546","PRMT1-201",1138
"1547","PRMT5-202",267
"1548","PRPF19-201",1330
"1549","PRPF3-201",169
"1550","PRPF31-201",321
"1551","PRPF38A-201",291
"1552","PRPF4-202",280
"1553","PRPF40A-202",891
"1554","PRPF4B-201",388
"1555","PRPF6-201",733
"1556","PRPF8-205",3186
"1557","PRPS2-202",453
"1558","PRPSAP1-206",212
"1559","PRPSAP2-201",188
"1560","PRRC1-201",446
"1561","PRRC2A-202",1235
"1562","PRRC2C-201",2379
"1563","PSAP-202",4576
"1564","PSAT1-202",427
"1565","PSIP1-204",284
"1566","PSMA1-201",133
"1567","PSMA3-201",555
"1568","PSMA4-201",958
"1569","PSMA5-201",580
"1570","PSMA6-201",NA
"1571","PSMA7-203",1109
"1572","PSMB1-201",833
"1573","PSMB10-201",1123
"1574","PSMB2-201",1054
"1575","PSMB3-211",1010
"1576","PSMB4-201",2046
"1577","PSMB5-202",321
"1578","PSMB6-201",1110
"1579","PSMB7-201",989
"1580","PSMB8-202",439
"1581","PSMB9-207",388
"1582","PSMC1-201",NA
"1583","PSMC2-203",1062
"1584","PSMC3-213",1118
"1585","PSMC4-201",860
"1586","PSMC5-201",885
"1587","PSMC6-218",334
"1588","PSMD1-201",1032
"1589","PSMD10-201",382
"1590","PSMD11-201",953
"1591","PSMD12-201",580
"1592","PSMD13-212",965
"1593","PSMD14-201",724
"1594","PSMD2-201",2609
"1595","PSMD3-201",1130
"1596","PSMD4-202",1561
"1597","PSMD5-201",277
"1598","PSMD6-201",693
"1599","PSMD7-201",NA
"1600","PSMD8-201",1274
"1601","PSMD9-207",90
"1602","PSME1-201",959
"1603","PSME2-201",731
"1604","PSME3-210",568
"1605","PSMF1-203",432
"1606","PSMG1-201",345
"1607","PSMG2-201",341
"1608","PSMG3-202",56
"1609","PSPC1-201",399
"1610","PTBP1-203",1977
"1611","PTCD3-201",463
"1612","PTGES2-202",233
"1613","PTGES3-201",986
"1614","PTK2B-203",2709
"1615","PTMA-202",1036
"1616","PTPN1-201",369
"1617","PTPN18-201",192
"1618","PTPN6-201",1771
"1619","PTRH2-202",207
"1620","PTRHD1-201",129
"1621","PUF60-208",1067
"1622","PUM1-201",540
"1623","PURA-201",133
"1624","PURB-201",86
"1625","PUS1-203",NA
"1626","PUS7-202",137
"1627","PWP2-201",NA
"1628","PYCR1-201",300
"1629","PYCR2-201",545
"1630","QDPR-201",187
"1631","QRICH1-202",531
"1632","RAB11B-201",701
"1633","RAB14-201",193
"1634","RAB18-201",253
"1635","RAB1A-203",468
"1636","RAB21-201",362
"1637","RAB24-201",427
"1638","RAB27A-202",282
"1639","RAB2A-201",408
"1640","RAB3GAP1-203",464
"1641","RAB3GAP2-202",713
"1642","RAB3IP-201",NA
"1643","RAB4A-201",110
"1644","RAB5A-201",216
"1645","RAB5C-202",529
"1646","RAB6A-202",154
"1647","RAB7A-201",711
"1648","RAB8A-201",593
"1649","RABEP1-202",136
"1650","RABGGTB-201",270
"1651","RABIF-201",115
"1652","RABL3-201",51
"1653","RAC2-201",1598
"1654","RAD21-201",1229
"1655","RAD23A-203",528
"1656","RAD23B-201",1003
"1657","RAD50-201",NA
"1658","RAE1-202",631
"1659","RAF1-201",369
"1660","RALY-201",1389
"1661","RAN-212",1538
"1662","RANBP1-208",820
"1663","RANBP2-201",577
"1664","RANBP3-202",585
"1665","RANGAP1-207",545
"1666","RAP1GDS1-202",369
"1667","RASA1-202",385
"1668","RASA2-201",241
"1669","RASAL3-201",606
"1670","RASSF5-202",404
"1671","RAVER1-205",677
"1672","RBBP4-202",1766
"1673","RBBP6-201",368
"1674","RBBP7-203",1064
"1675","RBM10-201",400
"1676","RBM12-203",961
"1677","RBM14-201",476
"1678","RBM15-208",NA
"1679","RBM17-205",201
"1680","RBM22-201",385
"1681","RBM25-201",220
"1682","RBM26-201",416
"1683","RBM28-201",218
"1684","RBM3-203",698
"1685","RBM33-207",294
"1686","RBM39-203",691
"1687","RBM42-201",461
"1688","RBM47-201",412
"1689","RBM8A-204",585
"1690","RBX1-201",466
"1691","RCC1-203",350
"1692","RCC2-202",704
"1693","RCN1-201",57
"1694","RCN2-203",417
"1695","RCSD1-202",352
"1696","RDH13-203",87
"1697","RDH14-201",68
"1698","RDX-219",292
"1699","RECQL-204",NA
"1700","REEP4-201",374
"1701","REEP5-202",1039
"1702","RELA-202",515
"1703","REPIN1-201",680
"1704","REXO2-220",482
"1705","RFC2-201",218
"1706","RFC3-201",107
"1707","RFC4-202",434
"1708","RHOB-201",650
"1709","RHOG-201",256
"1710","RIC8A-203",310
"1711","RING1-201",208
"1712","RNASEH2A-201",353
"1713","RNASEH2B-229",NA
"1714","RNASEH2C-201",354
"1715","RNF113A-201",139
"1716","RNF114-201",256
"1717","RNF126-201",471
"1718","RNF20-202",298
"1719","RNF40-201",511
"1720","RNGTT-202",227
"1721","RNH1-224",809
"1722","RNMT-202",213
"1723","RNPEP-201",447
"1724","RNPS1-216",673
"1725","RPA1-201",1111
"1726","RPA2-203",351
"1727","RPA3-201",319
"1728","RPAP3-201",264
"1729","RPE-202",42
"1730","RPIA-201",74
"1731","RPL10A-201",1850
"1732","RPL11-201",1756
"1733","RPL12-201",1274
"1734","RPL13-201",1906
"1735","RPL13A-201",2363
"1736","RPL14-202",2115
"1737","RPL15-212",2570
"1738","RPL17-205",117
"1739","RPL18-208",1985
"1740","RPL18A-201",1732
"1741","RPL19-201",2153
"1742","RPL21-202",1065
"1743","RPL22-201",434
"1744","RPL23-206",1577
"1745","RPL23A-204",1643
"1746","RPL24-201",1449
"1747","RPL26-208",440
"1748","RPL26L1-206",224
"1749","RPL27-206",1527
"1750","RPL27A-201",1823
"1751","RPL28-201",1677
"1752","RPL29-201",1926
"1753","RPL3-201",3606
"1754","RPL30-209",793
"1755","RPL31-201",1507
"1756","RPL32-204",1634
"1757","RPL34-203",1149
"1758","RPL35-201",1454
"1759","RPL35A-211",1533
"1760","RPL36-203",1298
"1761","RPL36AL-201",492
"1762","RPL37-201",1236
"1763","RPL37A-210",1039
"1764","RPL38-201",721
"1765","RPL4-201",3669
"1766","RPL5-202",1892
"1767","RPL6-202",1783
"1768","RPL7-201",2361
"1769","RPL7A-202",3067
"1770","RPL8-201",3141
"1771","RPL9-214",1990
"1772","RPLP0-219",2186
"1773","RPLP1-201",1032
"1774","RPLP2-207",1499
"1775","RPN1-201",3725
"1776","RPN2-201",4341
"1777","RPRD1A-202",149
"1778","RPRD1B-201",86
"1779","RPRD2-202",751
"1780","RPS11-201",1908
"1781","RPS12-201",998
"1782","RPS13-202",1512
"1783","RPS14-202",1475
"1784","RPS15-209",2051
"1785","RPS15A-201",1493
"1786","RPS16-201",1957
"1787","RPS18-230",1944
"1788","RPS19-206",1637
"1789","RPS2-201",2152
"1790","RPS20-208",810
"1791","RPS21-201",925
"1792","RPS23-201",1550
"1793","RPS24-216",1540
"1794","RPS25-202",1264
"1795","RPS27-205",894
"1796","RPS27A-201",782
"1797","RPS27L-201",302
"1798","RPS28-203",1002
"1799","RPS29-205",418
"1800","RPS3-217",2735
"1801","RPS3A-201",2861
"1802","RPS4X-201",2800
"1803","RPS5-202",1786
"1804","RPS6-204",1890
"1805","RPS7-204",1853
"1806","RPS8-202",2430
"1807","RPS9-203",1525
"1808","RPUSD2-201",131
"1809","RRBP1-204",4183
"1810","RRM1-201",1549
"1811","RRM2-215",2792
"1812","RRP1-207",628
"1813","RRP12-211",520
"1814","RRP15-201",229
"1815","RRP1B-201",718
"1816","RRP8-201",84
"1817","RRP9-201",207
"1818","RRS1-201",260
"1819","RSF1-201",272
"1820","RSL1D1-204",1137
"1821","RSL24D1-201",399
"1822","RTF1-201",420
"1823","RTN4-205",584
"1824","RUFY1-204",246
"1825","RUNX2-210",611
"1826","RUVBL1-201",607
"1827","RUVBL2-206",620
"1828","S100A11-201",1316
"1829","SACM1L-216",513
"1830","SAE1-201",556
"1831","SAFB-211",655
"1832","SAFB2-201",256
"1833","SAMHD1-221",605
"1834","SAMM50-201",304
"1835","SAP18-208",413
"1836","SAP30BP-225",233
"1837","SAR1A-205",549
"1838","SART1-201",447
"1839","SART3-206",512
"1840","SASH3-201",713
"1841","SBDS-201",243
"1842","SCAF11-202",774
"1843","SCAMP1-207",196
"1844","SCAMP2-201",820
"1845","SCAMP3-201",908
"1846","SCARB2-201",1531
"1847","SCCPDH-201",245
"1848","SCFD1-203",240
"1849","SCLY-221",54
"1850","SCO1-201",194
"1851","SCP2-203",404
"1852","SCPEP1-201",2361
"1853","SCRIB-201",362
"1854","SCYL1-201",425
"1855","SDC1-202",2229
"1856","SDF2-201",276
"1857","SDF2L1-201",369
"1858","SDF4-202",803
"1859","SDHA-201",NA
"1860","SDHAF2-201",168
"1861","SDHB-201",610
"1862","SEC11C-204",1534
"1863","SEC13-202",691
"1864","SEC14L1-201",1615
"1865","SEC16A-203",902
"1866","SEC22B-201",236
"1867","SEC23A-201",130
"1868","SEC23B-202",1304
"1869","SEC23IP-201",442
"1870","SEC24C-201",1164
"1871","SEC24D-201",869
"1872","SEC31A-205",1460
"1873","SEC61B-201",674
"1874","SEC61G-203",591
"1875","SEC62-201",1253
"1876","SEC63-201",688
"1877","SEL1L-201",3203
"1878","SELPLG-203",3294
"1879","SEMA4A-202",5818
"1880","SEPHS1-201",208
"1881","SERBP1-204",1821
"1882","SERF2-203",406
"1883","SERPINB6-212",247
"1884","SET-201",840
"1885","SF1-204",1327
"1886","SF3A1-201",1214
"1887","SF3A2-201",941
"1888","SF3A3-201",690
"1889","SF3B1-201",2384
"1890","SF3B2-201",2896
"1891","SF3B3-201",1816
"1892","SF3B4-201",1202
"1893","SF3B5-201",250
"1894","SFN-201",NA
"1895","SFPQ-201",2048
"1896","SFXN1-201",583
"1897","SFXN2-201",260
"1898","SGTA-201",399
"1899","SH3BGRL-201",272
"1900","SH3BGRL3-201",533
"1901","SH3GL1-201",138
"1902","SH3GLB1-201",389
"1903","SH3GLB2-203",849
"1904","SH3KBP1-205",201
"1905","SHC1-210",608
"1906","SHCBP1-201",792
"1907","SHMT1-201",278
"1908","SHMT2-201",1164
"1909","SIN3A-202",449
"1910","SKP1-202",687
"1911","SLAMF7-203",2513
"1912","SLC1A3-201",NA
"1913","SLC1A4-201",3008
"1914","SLC1A5-203",1713
"1915","SLC25A1-201",499
"1916","SLC25A11-201",355
"1917","SLC25A20-201",449
"1918","SLC25A3-203",2108
"1919","SLC25A4-201",797
"1920","SLC25A5-201",2371
"1921","SLC25A6-201",1404
"1922","SLC30A1-201",959
"1923","SLC3A2-201",1433
"1924","SLC44A1-201",1411
"1925","SLC4A1AP-204",228
"1926","SLC4A2-214",538
"1927","SLC9A3R1-201",1370
"1928","SLIRP-209",216
"1929","SLK-202",341
"1930","SLTM-202",391
"1931","SMAP2-202",709
"1932","SMARCA2-209",911
"1933","SMARCA4-201",1078
"1934","SMARCA5-201",998
"1935","SMARCB1-204",483
"1936","SMARCC1-201",1048
"1937","SMARCC2-209",588
"1938","SMARCE1-202",114
"1939","SMC1A-201",1128
"1940","SMC2-201",585
"1941","SMC3-201",978
"1942","SMC4-201",3082
"1943","SMCHD1-201",587
"1944","SMN1-202",NA
"1945","SMS-202",183
"1946","SMU1-201",673
"1947","SNAP23-201",203
"1948","SNAP29-201",158
"1949","SNAPIN-201",191
"1950","SND1-201",3866
"1951","SNRNP200-201",2645
"1952","SNRNP40-201",388
"1953","SNRNP70-206",575
"1954","SNRPA-201",446
"1955","SNRPA1-201",652
"1956","SNRPB2-201",511
"1957","SNRPC-201",566
"1958","SNRPD1-201",395
"1959","SNRPD2-201",824
"1960","SNRPD3-201",561
"1961","SNRPE-202",480
"1962","SNRPF-201",279
"1963","SNRPG-201",297
"1964","SNW1-201",307
"1965","SNX1-208",419
"1966","SNX12-207",55
"1967","SNX2-201",474
"1968","SNX3-201",300
"1969","SNX5-202",546
"1970","SNX6-201",241
"1971","SOD1-201",1281
"1972","SOD2-210",0
"1973","SON-202",2958
"1974","SORD-201",88
"1975","SP1-201",822
"1976","SP3-201",632
"1977","SPAG9-202",293
"1978","SPATA5-201",119
"1979","SPATS2-223",355
"1980","SPATS2L-204",435
"1981","SPC24-206",274
"1982","SPC25-201",183
"1983","SPCS1-205",1019
"1984","SPCS2-201",1749
"1985","SPCS3-201",1075
"1986","SPTAN1-203",0
"1987","SPTBN1-202",NA
"1988","SPTLC1-201",505
"1989","SQSTM1-202",1973
"1990","SRA1-201",207
"1991","SRCAP-201",NA
"1992","SRI-201",275
"1993","SRM-201",627
"1994","SRP14-201",868
"1995","SRP19-206",264
"1996","SRP54-213",394
"1997","SRP68-201",698
"1998","SRP72-205",1001
"1999","SRP9-201",510
"2000","SRPK2-202",568
"2001","SRPRB-201",727
"2002","SRRM1-201",1129
"2003","SRRM2-201",3305
"2004","SRRT-216",569
"2005","SRSF1-201",7
"2006","SRSF3-202",977
"2007","SRSF4-201",410
"2008","SRSF5-203",842
"2009","SRSF6-201",339
"2010","SRSF7-201",818
"2011","SRSF9-201",NA
"2012","SS18-203",692
"2013","SSB-202",730
"2014","SSBP1-210",830
"2015","SSNA1-201",164
"2016","SSR1-201",1661
"2017","SSR3-201",1781
"2018","SSR4-201",1725
"2019","SSRP1-201",1142
"2020","SSU72-201",238
"2021","ST14-201",NA
"2022","ST3GAL1-207",251
"2023","ST6GAL1-201",2557
"2024","STAMBP-202",211
"2025","STARD5-201",132
"2026","STAT1-201",323
"2027","STAT2-201",1197
"2028","STAT3-201",480
"2029","STAU2-229",361
"2030","STBD1-201",NA
"2031","STIM1-201",693
"2032","STIP1-201",1594
"2033","STK10-201",617
"2034","STK24-208",NA
"2035","STK38L-201",783
"2036","STK39-201",106
"2037","STK4-202",771
"2038","STMN1-203",1027
"2039","STOML2-201",524
"2040","STRAP-202",620
"2041","STRBP-201",362
"2042","STRN-201",202
"2043","STT3A-201",3952
"2044","STT3B-201",2035
"2045","STX12-201",121
"2046","STX17-201",91
"2047","STX5-201",294
"2048","STX7-202",238
"2049","STXBP2-201",497
"2050","STXBP3-201",127
"2051","SUB1-201",1457
"2052","SUCLA2-218",120
"2053","SUCLG1-201",644
"2054","SUCLG2-201",551
"2055","SUGP2-203",219
"2056","SUGT1-201",156
"2057","SUMF2-221",920
"2058","SUMO1-203",226
"2059","SUMO2-202",406
"2060","SUPT16H-201",969
"2061","SUPT4H1-201",NA
"2062","SUPT5H-215",1016
"2063","SUPT6H-201",698
"2064","SUPV3L1-201",181
"2065","SURF1-201",247
"2066","SURF4-202",1056
"2067","SUZ12-201",282
"2068","SVIP-201",204
"2069","SYAP1-201",345
"2070","SYF2-201",352
"2071","SYK-201",159
"2072","SYMPK-201",637
"2073","SYNCRIP-202",1255
"2074","SYNGR2-201",2461
"2075","SYNRG-225",604
"2076","TAB1-201",198
"2077","TACC1-201",305
"2078","TACO1-201",126
"2079","TAF15-215",1297
"2080","TAGLN2-203",1658
"2081","TALDO1-201",1342
"2082","TAP1-201",643
"2083","TAP2-204",743
"2084","TAPBP-233",NA
"2085","TARDBP-201",192
"2086","TARS2-204",334
"2087","TBC1D17-201",295
"2088","TBCA-202",318
"2089","TBCB-201",431
"2090","TBCC-201",159
"2091","TBCE-283",NA
"2092","TBK1-201",289
"2093","TBL1XR1-214",1655
"2094","TBL2-201",445
"2095","TCEA1-208",499
"2096","TCERG1-201",538
"2097","TCF25-201",NA
"2098","TCOF1-216",438
"2099","TCP1-201",NA
"2100","TDP2-202",292
"2101","TECR-201",1200
"2102","TERF2IP-201",309
"2103","TES-201",525
"2104","TEX264-204",414
"2105","TFAM-204",291
"2106","TFB2M-201",287
"2107","TFG-201",597
"2108","TFIP11-204",NA
"2109","TFRC-202",1516
"2110","THOC2-201",731
"2111","THOC3-201",462
"2112","THOC5-216",169
"2113","THOC7-201",262
"2114","THOP1-201",549
"2115","THRAP3-201",1396
"2116","THUMPD1-202",232
"2117","THYN1-201",209
"2118","TIA1-201",326
"2119","TIAL1-203",252
"2120","TIMM10-201",194
"2121","TIMM13-201",467
"2122","TIMM44-201",317
"2123","TIMM50-219",330
"2124","TIMM8A-201",NA
"2125","TIMM8B-201",294
"2126","TIMM9-202",25
"2127","TIMMDC1-208",228
"2128","TIPRL-202",389
"2129","TK1-201",737
"2130","TKT-208",1909
"2131","TLE3-213",952
"2132","TLN1-201",2325
"2133","TM9SF2-206",1854
"2134","TM9SF4-202",583
"2135","TMA16-201",164
"2136","TMCO1-202",1054
"2137","TMED10-201",833
"2138","TMED9-201",1463
"2139","TMEM109-201",1259
"2140","TMEM205-201",278
"2141","TMEM30A-201",1278
"2142","TMEM43-201",639
"2143","TMOD3-201",385
"2144","TMPO-202",879
"2145","TMSB10-201",271
"2146","TMSB4X-203",298
"2147","TMX1-201",422
"2148","TMX2-201",467
"2149","TMX3-201",720
"2150","TNPO1-204",811
"2151","TNPO3-201",760
"2152","TNS3-201",1921
"2153","TOLLIP-202",249
"2154","TOM1-210",261
"2155","TOMM22-201",388
"2156","TOMM34-201",182
"2157","TOMM40-203",483
"2158","TOP1-201",1097
"2159","TOP2A-201",2381
"2160","TOP2B-204",1349
"2161","TOR1AIP1-212",794
"2162","TPD52-202",170
"2163","TPD52L2-203",236
"2164","TPI1-202",3216
"2165","TPM3-224",726
"2166","TPM4-221",1026
"2167","TPP1-201",1552
"2168","TPP2-202",1403
"2169","TPR-201",NA
"2170","TPT1-212",1201
"2171","TRA2A-201",497
"2172","TRA2B-205",855
"2173","TRABD-201",376
"2174","TRADD-201",266
"2175","TRAF3IP3-202",NA
"2176","TRAM1-201",1993
"2177","TRAP1-201",NA
"2178","TRAPPC5-204",492
"2179","TRIM25-201",1152
"2180","TRIM28-201",1997
"2181","TRIP10-201",279
"2182","TRIP11-201",NA
"2183","TRIP13-201",601
"2184","TRMT1-217",179
"2185","TRMT112-206",703
"2186","TRMT1L-201",211
"2187","TRMT2A-202",143
"2188","TSFM-212",NA
"2189","TSG101-201",534
"2190","TSN-201",286
"2191","TSNAX-201",224
"2192","TSPO-203",441
"2193","TSR1-201",NA
"2194","TST-202",116
"2195","TSTA3-201",246
"2196","TSTD1-204",479
"2197","TTC1-201",306
"2198","TTC37-216",736
"2199","TTC4-201",NA
"2200","TTLL12-201",312
"2201","TTN-214",NA
"2202","TUBA1B-202",783
"2203","TUBA1C-201",331
"2204","TUBA4A-201",858
"2205","TUBB-205",4420
"2206","TUFM-201",1171
"2207","TWF1-201",181
"2208","TWF2-201",164
"2209","TXLNA-201",596
"2210","TXLNG-201",218
"2211","TXN-202",846
"2212","TXN2-201",315
"2213","TXNDC11-201",4121
"2214","TXNDC12-201",272
"2215","TXNDC17-201",205
"2216","TXNDC5-201",7150
"2217","TXNDC9-201",226
"2218","TXNL1-201",598
"2219","TXNRD1-208",621
"2220","U2AF2-202",1053
"2221","U2SURP-208",666
"2222","UAP1-202",282
"2223","UBA1-201",2737
"2224","UBA2-201",1000
"2225","UBA3-202",612
"2226","UBA5-202",382
"2227","UBA6-201",617
"2228","UBAP2-201",468
"2229","UBAP2L-207",1304
"2230","UBE2E1-201",710
"2231","UBE2G1-201",341
"2232","UBE2G2-202",405
"2233","UBE2I-202",600
"2234","UBE2J1-201",1657
"2235","UBE2K-201",233
"2236","UBE2L3-201",325
"2237","UBE2L6-201",266
"2238","UBE2M-201",486
"2239","UBE2O-201",413
"2240","UBE2V2-207",249
"2241","UBL4A-202",117
"2242","UBL5-201",546
"2243","UBR4-204",1374
"2244","UBTF-201",495
"2245","UBXN1-202",227
"2246","UBXN4-201",912
"2247","UBXN7-201",342
"2248","UCHL1-201",1267
"2249","UCHL3-201",260
"2250","UCHL5-205",401
"2251","UCK2-201",433
"2252","UFC1-201",563
"2253","UFL1-201",441
"2254","UFM1-201",149
"2255","UGGT1-201",1276
"2256","UGP2-201",602
"2257","UHRF1-205",577
"2258","UHRF1BP1-201",158
"2259","UMPS-201",377
"2260","UNC45A-202",606
"2261","UNC93B1-201",2075
"2262","UPF1-201",560
"2263","UPF3B-201",72
"2264","UQCRB-201",468
"2265","UQCRC1-201",1027
"2266","UQCRC2-201",1351
"2267","UQCRH-201",194
"2268","UQCRQ-203",630
"2269","UROD-201",387
"2270","USO1-204",865
"2271","USP10-201",NA
"2272","USP13-201",233
"2273","USP14-201",735
"2274","USP19-204",NA
"2275","USP47-207",376
"2276","USP5-202",906
"2277","USP7-201",1059
"2278","UTP14A-201",NA
"2279","UTP18-201",345
"2280","UTP3-201",503
"2281","VAC14-201",317
"2282","VAMP2-201",177
"2283","VAMP8-201",199
"2284","VAPA-202",500
"2285","VAPB-204",121
"2286","VASP-201",203
"2287","VAV1-210",1321
"2288","VBP1-201",395
"2289","VCL-201",153
"2290","VCP-201",4026
"2291","VDAC1-203",1500
"2292","VDAC2-203",1009
"2293","VDAC3-201",910
"2294","VIM-209",4151
"2295","VKORC1L1-201",172
"2296","VPS13C-201",995
"2297","VPS16-202",248
"2298","VPS18-201",NA
"2299","VPS26B-201",201
"2300","VPS28-201",602
"2301","VPS29-206",201
"2302","VPS35-201",1114
"2303","VPS37B-201",638
"2304","VPS45-216",140
"2305","VPS4A-201",389
"2306","VPS4B-201",413
"2307","VRK1-201",188
"2308","VTA1-202",285
"2309","WAS-201",712
"2310","WASF2-202",481
"2311","WBP11-201",685
"2312","WDR1-203",2657
"2313","WDR18-202",542
"2314","WDR3-201",NA
"2315","WDR33-201",602
"2316","WDR36-204",554
"2317","WDR37-201",94
"2318","WDR43-202",591
"2319","WDR46-231",374
"2320","WDR5-201",177
"2321","WDR55-201",123
"2322","WDR61-202",309
"2323","WDR74-204",330
"2324","WFS1-201",506
"2325","WIPF1-204",1046
"2326","XAB2-201",680
"2327","XPA-201",102
"2328","XPNPEP1-218",407
"2329","XPO1-201",1016
"2330","XPO5-201",503
"2331","XPO7-201",441
"2332","XRCC1-201",283
"2333","XRCC5-202",2836
"2334","XRCC6-201",2286
"2335","XRN2-201",851
"2336","YBX1-201",1978
"2337","YIPF5-201",352
"2338","YKT6-201",249
"2339","YLPM1-201",352
"2340","YME1L1-203",1003
"2341","YTHDC1-207",432
"2342","YTHDC2-201",250
"2343","YTHDF2-209",1017
"2344","YWHAB-202",1118
"2345","YWHAE-201",1886
"2346","YWHAG-201",1039
"2347","YWHAH-201",581
"2348","YWHAQ-202",1125
"2349","YWHAZ-206",1406
"2350","ZBP1-201",466
"2351","ZBTB38-220",3300
"2352","ZC3H15-201",430
"2353","ZC3H4-201",295
"2354","ZC3H6-201",0
"2355","ZC3HAV1-203",689
"2356","ZC3HC1-202",128
"2357","ZFAND6-222",322
"2358","ZFP91-201",20
"2359","ZFR-201",584
"2360","ZHX2-201",0
"2361","ZMPSTE24-201",758
"2362","ZNF207-203",1297
"2363","ZNF326-201",97
"2364","ZNF329-203",0
"2365","ZNF512-201",133
"2366","ZNF598-202",191
"2367","ZNF622-201",265
"2368","ZNF638-203",351
"2369","ZNF706-209",134
"2370","ZRANB2-201",277
"2371","ZW10-201",196
