# species: Homo sapiens
# support: EXP, IMP, ISS, ISM, TAS, IEA, HMP, HEP, IDA, IGI, ISO, IGC, NAS, HGI, IPI, IEP, ISA, RCA, IC, HDA
# associations retrieved on: 2021-03-22 22:09:17-04
# gofunc built on: 2018-02-21 10:04:34.764444-05
# gene associations file: ftp://ftp.geneontology.org/pub/go/gene-associations/goa_human.gaf.gz
#   revision: 2018-02-02 $
#   downloaded on: 2018-02-14 09:47:26-05
# GO DAG files from: http://archive.geneontology.org/latest-full/go_201512-termdb-tables.tar.gz
#   downloaded on: 2015-12-22 05:43:21-05
# translation required: yes
# translation info:
#   authority: ensembl
#     synergizer db built on: 2015-11-17 14:24:21.26681-05
#     synergizer db built from: Ensembl Genes 82 / Metazoa Mart / Plant Mart
#   namespace: hgnc_symbol
#   coverage: 99.8%
# size of "genespace": 2326
# number of attributes: 10840
# NOTE: these associations have been restricted to the genes included
# in the user-supplied gene space.
# NOTE: the last record consists of all the entities in the
# "genespace" that are not associated with any attribute (for
# the requested support).
# Original number of entities in query: 106
# Number of entities in query: 104
# Total number of entities: 2326
# Total number of attributes: 10840
# Original total number of attributes: 20270
# Translation required: yes
# Translation coverage: 0.997782
# Mode: unordered
# Number of simulations: 1000
# Adjusted P-value cutoff: 0.05
# Over/under: over
# Evidence codes: EXP, IMP, ISS, ISM, TAS, IEA, HMP, HEP, IDA, IGI, ISO, IGC, NAS, HGI, IPI, IEP, ISA, RCA, IC, HDA
OVERREPRESENTED ATTRIBUTES
N	X	LOD	P	P_adj	attrib ID	attrib name
56	802	0.362510348457228	2.66052165108888e-05	0.027	GO:0044421	extracellular region part
